{
  "name": "jquery-placeholder",
  "description": "A jQuery plugin that enables HTML5 placeholder behavior for browsers that aren’t trying hard enough yet",
  "version": "2.1.1",
  "license": "MIT",
  "main": [
    "jquery.placeholder.js"
  ],
  "keywords": [
    "form",
    "placeholder",
    "jQuery",
    "jquery-plugin"
  ],
  "dependencies": {
    "jquery": ">=1.6"
  },
  "ignore": [
    "*",
    "!/bower.json",
    "!/jquery.placeholder.js",
    "!/jquery.placeholder.min.js",
    "!/jquery.placeholder.min.js.map"
  ],
  "homepage": "https://github.com/mathiasbynens/jquery-placeholder",
  "_release": "2.1.1",
  "_resolution": {
    "type": "version",
    "tag": "v2.1.1",
    "commit": "bc98c214d6dbdf14f97d20e71b8269751c79b34b"
  },
  "_source": "git://github.com/mathiasbynens/jquery-placeholder.git",
  "_target": "~2.1.1",
  "_originalSource": "jquery-placeholder",
  "_direct": true
}